Name;ISIN;Symbol;Market;Currency;"Open Price";"High Price";"low Price";"last Price";"last Trade MIC Time";"Time Zone";Volume;Turnover;"Closing Price";"Closing Price DateTime"
"European Equities"
"06 Jul 2025"
"All datapoints provided as of end of last active trading day."
"2020 BULKERS";BMG9156K1018;2020;"Oslo Børs";NOK;118.00;118.00;115.80;116.20;"04/07/2025 16:28";CET;79977;9324388.30;116.20;04/07/2025
"5TH PLANET GAMES";DK0060945467;5PG;"Euronext Expand Oslo";NOK;0.89;0.89;0.86;0.86;"04/07/2025 15:36";CET;32900;28330.708;0.86;04/07/2025
"AASEN SPAREBANK";NO0010672181;AASB;"Euronext Growth Oslo";NOK;125.00;125.00;125.00;125.00;"03/07/2025 15:42";CET;3;375.00;125.00;04/07/2025
"ABG SUNDAL COLLIER";NO0003021909;ABG;"Oslo Børs";NOK;7.00;7.07;6.93;6.93;"04/07/2025 16:25";CET;1015047;7074456.54;6.93;04/07/2025
"ABL GROUP";NO0010715394;ABL;"Oslo Børs";NOK;9.30;9.30;9.18;9.24;"04/07/2025 16:25";CET;20361;187899.48;9.24;04/07/2025
"ADS MARITIME HOLD";CY0108052115;ADS;"Euronext Growth Oslo";NOK;2.06;2.06;2.06;2.06;"04/07/2025 15:10";CET;1880;3872.80;2.06;04/07/2025
"AF GRUPPEN";NO0003078107;AFG;"Oslo Børs";NOK;154.60;155.00;153.80;154.20;"04/07/2025 16:25";CET;13492;2082186.80;154.20;04/07/2025
AGILYX;NO0010872468;AGLX;"Oslo Børs";NOK;25.30;25.30;24.90;25.10;"04/07/2025 16:25";CET;4652;117048.60;25.10;04/07/2025
AIRTHINGS;NO0010895568;AIRX;"Oslo Børs";NOK;1.63;1.63;1.60;1.60;"04/07/2025 16:25";CET;29300;47456.04;1.60;04/07/2025
AKASTOR;NO0010215684;AKAST;"Oslo Børs";NOK;12.08;12.18;12.06;12.16;"04/07/2025 16:25";CET;88468;1069965.96;12.16;04/07/2025
AKER;NO0010234552;AKER;"Oslo Børs";NOK;670.00;670.00;660.00;667.00;"04/07/2025 16:25";CET;18437;12263985.00;667.00;04/07/2025
"AKER BIOMARINE";NO0010886625;AKBM;"Oslo Børs";NOK;63.60;63.60;62.40;63.60;"04/07/2025 16:25";CET;2929;184626.30;63.60;04/07/2025
"AKER BP";NO0010345853;AKRBP;"Oslo Børs";NOK;261.20;263.90;260.20;263.20;"04/07/2025 16:26";CET;843448;221236812.50;263.20;04/07/2025
"AKER CARBON CAPTUR";NO0010890304;ACC;"Oslo Børs";NOK;0.322;0.3326;0.318;0.3296;"04/07/2025 16:25";CET;7190803;2347731.9734;0.3296;04/07/2025
"AKER HORIZONS";NO0010921232;AKH;"Oslo Børs";NOK;1.522;1.522;1.486;1.504;"04/07/2025 16:25";CET;809393;1214069.274;1.504;04/07/2025
"AKER SOLUTIONS";NO0010716582;AKSO;"Oslo Børs";NOK;35.30;36.34;35.28;36.12;"04/07/2025 16:25";CET;367820;13259370.64;36.12;04/07/2025
"AKOBO MINERALS";SE0015193412;AKOBO;"Euronext Growth Oslo";NOK;1.15;1.15;1.00;1.06;"04/07/2025 16:25";CET;207050;213699.65;1.06;04/07/2025
"AKVA GROUP";NO0003097503;AKVA;"Oslo Børs";NOK;83.00;84.80;83.00;84.80;"04/07/2025 16:25";CET;10532;886507.20;84.80;04/07/2025
"ALTERNUS ENERGY GR";IE00BLRPRP89;ALT;"Euronext Growth Oslo";NOK;0.1805;0.197;0.1805;0.197;"04/07/2025 16:18";CET;18247;3425.5835;0.197;04/07/2025
AMSC;NO0010272065;AMSC;"Oslo Børs";NOK;1.47;1.472;1.466;1.472;"04/07/2025 16:25";CET;802771;1177429.722;1.472;04/07/2025
"ANDFJORD SALMON GR";NO0010829765;ANDF;"Euronext Growth Oslo";NOK;32.00;32.30;31.50;31.60;"04/07/2025 16:25";CET;23711;754582.00;31.60;04/07/2025
"AQUA BIO TECHNO";NO0010307135;ABTEC;"Euronext Expand Oslo";NOK;1.002;1.084;1.002;1.03;"04/07/2025 16:12";CET;212979;220978.072;1.03;04/07/2025
ARCHER;BMG0451H2087;ARCH;"Oslo Børs";NOK;24.35;24.35;23.85;23.85;"04/07/2025 16:25";CET;18065;434914.60;23.85;04/07/2025
"ARCTIC BIOSCIENCE";NO0010859580;ABS;"Euronext Growth Oslo";NOK;3.65;3.79;3.65;3.75;"04/07/2025 15:15";CET;33498;123239.78;3.75;04/07/2025
"ARCTIC FISH HOLDIN";NO0010917719;AFISH;"Euronext Growth Oslo";NOK;44.40;44.40;44.40;44.40;"03/07/2025 15:12";CET;200;8880.00;44.40;04/07/2025
"ARCTICZYMES TECHNO";NO0010014632;AZT;"Oslo Børs";NOK;17.15;17.30;17.00;17.00;"04/07/2025 16:25";CET;10343;177416.25;17.00;04/07/2025
"ARENDALS FOSSEKOMP";NO0003572802;AFK;"Oslo Børs";NOK;132.50;133.50;132.00;133.50;"04/07/2025 16:25";CET;932;124080.00;133.50;04/07/2025
ARGEO;NO0013257410;ARGEO;"Oslo Børs";NOK;3.12;3.755;3.04;3.56;"04/07/2025 12:10";CET;6951475;23371013.885;3.56;04/07/2025
"ARRIBATEC GROUP";NO0012861667;ARR;"Oslo Børs";NOK;0.56;0.56;0.532;0.546;"04/07/2025 16:25";CET;574051;307911.822;0.546;04/07/2025
ATEA;NO0004822503;ATEA;"Oslo Børs";NOK;152.00;153.20;151.00;152.60;"04/07/2025 16:25";CET;26853;4094015.60;152.60;04/07/2025
"ATLANTIC SAPPHI TR";NO0013340802;ASAS;"Oslo Børs";NOK;0.60;0.90;0.60;0.90;"01/07/2025 16:11";CET;5002;4001.50;0.90;04/07/2025
"ATLANTIC SAPPHIRE";NO0013464750;ASA;"Oslo Børs";NOK;9.00;9.00;8.661;9.00;"04/07/2025 16:25";CET;158380;1398854.315;9.00;04/07/2025
"AURORA EIENDOM";NO0011032310;AURA;"Euronext Growth Oslo";NOK;85.00;86.00;85.00;86.00;"04/07/2025 14:37";CET;2178;186162.00;86.00;04/07/2025
"AURSKOG SPAREBANK";NO0006001601;AURG;"Oslo Børs";NOK;235.00;235.00;235.00;235.00;"04/07/2025 12:36";CET;1;235.00;235.00;04/07/2025
"AUSTEVOLL SEAFOOD";NO0010073489;AUSS;"Oslo Børs";NOK;98.80;98.80;97.50;97.70;"04/07/2025 16:25";CET;51790;5073166.30;97.70;04/07/2025
"AUTOSTORE HOLDINGS";BMG0670A1099;AUTO;"Oslo Børs";NOK;6.715;6.815;6.59;6.615;"04/07/2025 16:25";CET;3257353;21680007.935;6.615;04/07/2025
"AVANCE GAS HOLDING";BMG067231032;AGAS;"Oslo Børs";NOK;1.07;1.07;0.95;0.95;"04/07/2025 16:25";CET;335159;329292.201;0.95;04/07/2025
"AWILCO LNG";NO0010607971;ALNG;"Euronext Expand Oslo";NOK;3.10;3.13;3.00;3.13;"04/07/2025 16:25";CET;65038;200227.77;3.13;04/07/2025
AXACTOR;NO0010840515;ACR;"Oslo Børs";NOK;7.84;7.86;7.72;7.80;"04/07/2025 16:25";CET;485516;3784779.38;7.80;04/07/2025
"AYFIE INTERNATIONA";NO0012861683;AIX;"Euronext Growth Oslo";NOK;4.34;7.36;4.34;7.36;"04/07/2025 16:27";CET;2607426;16067118.61;7.36;04/07/2025
"B2 Impact";NO0010633951;B2I;"Oslo Børs";NOK;14.36;14.52;14.20;14.48;"04/07/2025 16:25";CET;297478;4274795.64;14.48;04/07/2025
BAKKAFROST;FO0000000179;BAKKA;"Oslo Børs";NOK;464.20;466.00;462.40;465.00;"04/07/2025 16:25";CET;57127;26555445.00;465.00;04/07/2025
"BALTIC SEA PROP";NO0010810476;BALT;"Euronext Growth Oslo";NOK;53.00;53.00;53.00;53.00;"30/06/2025 09:37";CET;53;2809.00;53.00;04/07/2025
"BARRAMUNDI GROUP";SGXZ33675836;BARRA;"Euronext Growth Oslo";NOK;0.95;0.95;0.90;0.948;"04/07/2025 14:53";CET;29200;27122.00;0.948;04/07/2025
"BENCHMARK HOLDINGS";GB00BGHPT808;BMK;"Euronext Growth Oslo";NOK;3.36;3.36;3.36;3.36;"04/07/2025 09:04";CET;13181;44288.16;3.36;04/07/2025
"BERGEN CARBON SOL";NO0010950249;BCS;"Euronext Growth Oslo";NOK;5.00;5.52;5.00;5.40;"04/07/2025 16:25";CET;44648;233428.98;5.40;04/07/2025
BERGENBIO;NO0013251173;BGBIO;"Oslo Børs";NOK;1.324;1.36;1.322;1.33;"04/07/2025 16:25";CET;142297;189622.128;1.33;04/07/2025
BEWI;NO0010890965;BEWI;"Oslo Børs";NOK;22.95;22.95;22.15;22.50;"04/07/2025 16:25";CET;8510;190229.45;22.50;04/07/2025
"BIEN SPAREBANK";NO0012706763;BIEN;"Oslo Børs";NOK;139.00;140.00;138.00;140.00;"04/07/2025 16:25";CET;881;122408.00;140.00;04/07/2025
"BIOFISH HOLDING";NO0010955198;BFISH;"Euronext Growth Oslo";NOK;1.755;1.755;1.725;1.75;"04/07/2025 14:29";CET;490;853.50;1.75;04/07/2025
"BLACK SEA PROPERTY";NO0010755101;BSP;"Euronext Growth Oslo";NOK;0.278;0.278;0.256;0.27;"04/07/2025 16:16";CET;885837;234521.376;0.27;04/07/2025
BLUENORD;NO0010379266;BNOR;"Oslo Børs";NOK;515.00;518.00;507.00;512.00;"04/07/2025 16:25";CET;48144;24605891.00;512.00;04/07/2025
BONHEUR;NO0003110603;BONHR;"Oslo Børs";NOK;231.00;231.00;228.00;229.50;"04/07/2025 16:25";CET;5919;1358435.00;229.50;04/07/2025
BORGESTAD;NO0013256180;BOR;"Oslo Børs";NOK;17.85;17.85;17.50;17.60;"04/07/2025 16:13";CET;5999;105725.50;17.60;04/07/2025
BORREGAARD;NO0010657505;BRG;"Oslo Børs";NOK;201.00;203.00;200.00;203.00;"04/07/2025 16:26";CET;79863;16148933.00;203.00;04/07/2025
BOUVET;NO0010360266;BOUV;"Oslo Børs";NOK;80.50;80.50;79.70;79.70;"04/07/2025 16:25";CET;18628;1486541.10;79.70;04/07/2025
BRUTON;NO0013036814;BRUT;"Euronext Growth Oslo";NOK;42.60;42.60;42.60;42.60;"28/05/2025 11:46";CET;50;2130.00;42.60;04/07/2025
"BW ENERGY LIMITED";BMG0702P1086;BWE;"Oslo Børs";NOK;35.80;36.00;35.05;35.25;"04/07/2025 16:25";CET;50875;1802575.25;35.25;04/07/2025
"BW LPG";SGXZ69436764;BWLPG;"Oslo Børs";NOK;124.50;124.90;123.10;124.30;"04/07/2025 16:25";CET;274423;34075398.00;124.30;04/07/2025
"BW OFFSHORE LTD";BMG1738J1247;BWO;"Oslo Børs";NOK;33.00;33.00;31.55;31.90;"04/07/2025 16:25";CET;90017;2862662.80;31.90;04/07/2025
BYGGMA;NO0003087603;BMA;"Oslo Børs";NOK;17.40;19.20;17.40;19.20;"04/07/2025 16:09";CET;243;4278.60;19.20;04/07/2025
CADELER;DK0061412772;CADLR;"Oslo Børs";NOK;50.95;51.25;50.50;50.70;"04/07/2025 16:26";CET;147465;7494983.45;50.70;04/07/2025
CAMBI;NO0010078850;CAMBI;"Euronext Growth Oslo";NOK;20.20;21.00;20.00;20.80;"04/07/2025 16:25";CET;134101;2739956.20;20.80;04/07/2025
"CAPSOL TECHNOLOGI";NO0010923121;CAPSL;"Oslo Børs";NOK;9.50;9.50;8.90;9.30;"04/07/2025 16:25";CET;56127;526275.42;9.30;04/07/2025
"CAVENDISH HYDROGEN";NO0013219535;CAVEN;"Oslo Børs";NOK;10.00;10.00;9.69;9.72;"04/07/2025 16:25";CET;112061;1096561.17;9.72;04/07/2025
"CIRCIO HOLDING";NO0013033795;CRNA;"Oslo Børs";NOK;0.619;0.63;0.609;0.627;"04/07/2025 16:25";CET;417967;258184.043;0.627;04/07/2025
"CLEAN SEAS SEAFOOD";AU000000CSS3;CSS;"Euronext Growth Oslo";NOK;1.00;1.00;1.00;1.00;"17/06/2025 09:00";CET;200;200.00;1.00;04/07/2025
"CLOUDBERRY CLEAN";NO0010876642;CLOUD;"Oslo Børs";NOK;12.60;12.86;12.38;12.72;"04/07/2025 16:25";CET;130813;1663011.52;12.72;04/07/2025
"CODELAB CAPITAL";NO0013483503;CODE;"Euronext Growth Oslo";NOK;2.99;3.20;2.99;3.01;"04/07/2025 16:25";CET;65176;200284.13;3.01;04/07/2025
"CONSTELLATION OIL";NO0013460071;COSH;"Euronext Growth Oslo";NOK;4.50;4.70;4.50;4.70;"04/07/2025 16:25";CET;490292;2206658.80;4.70;04/07/2025
CONTEXTVISION;SE0014731154;CONTX;"Oslo Børs";NOK;4.72;4.72;4.65;4.67;"04/07/2025 15:00";CET;5810;27151.10;4.67;04/07/2025
"COOL COMPANY";BMG2415A1137;CLCO;"Euronext Growth Oslo";NOK;71.00;71.00;67.10;68.00;"04/07/2025 16:25";CET;16264;1119493.50;68.00;04/07/2025
"CRAYON GROUP HOLD";NO0010808892;CRAYN;"Oslo Børs";NOK;145.00;145.10;143.80;144.00;"02/07/2025 16:27";CET;61328;8835845.00;144.00;04/07/2025
CYVIZ;NO0010015175;CYVIZ;"Euronext Growth Oslo";NOK;33.70;34.10;33.70;33.80;"04/07/2025 15:26";CET;6671;227412.00;33.80;04/07/2025
"DEEP VALUE DRILLER";NO0010955917;DVD;"Euronext Growth Oslo";NOK;16.44;17.00;16.20;16.32;"04/07/2025 16:25";CET;246088;4082616.60;16.32;04/07/2025
"DESERT CONTROL";NO0010963275;DSRT;"Euronext Growth Oslo";NOK;7.06;7.56;7.06;7.40;"04/07/2025 15:21";CET;34709;248476.04;7.40;04/07/2025
"DNB BANK";NO0010161896;DNB;"Oslo Børs";NOK;278.40;279.10;277.20;278.20;"04/07/2025 16:25";CET;724361;201541557.80;278.20;04/07/2025
DNO;NO0003921009;DNO;"Oslo Børs";NOK;13.56;13.56;13.32;13.37;"04/07/2025 16:25";CET;1741256;23341349.36;13.37;04/07/2025
"DOF GROUP";NO0012851874;DOFG;"Oslo Børs";NOK;90.40;90.80;89.65;90.50;"04/07/2025 16:25";CET;227910;20622615.45;90.50;04/07/2025
"DOLPHIN DRILLING";NO0012595950;DDRIL;"Euronext Growth Oslo";NOK;0.078;0.0788;0.0741;0.0741;"04/07/2025 16:25";CET;727168;54860.5867;0.0741;04/07/2025
"EAM SOLAR";NO0013601245;EAM;"Euronext Expand Oslo";NOK;2.52;3.00;2.52;2.86;"04/07/2025 16:25";CET;152720;440516.184;2.86;04/07/2025
"EDDA WIND";NO0010998529;EWIND;"Oslo Børs";NOK;22.70;23.00;22.70;22.70;"27/05/2025 16:25";CET;619;14099.30;22.70;04/07/2025
"EIDESVIK OFFSHORE";NO0010263023;EIOF;"Oslo Børs";NOK;12.60;12.75;12.55;12.75;"04/07/2025 16:05";CET;12559;157749.55;12.75;04/07/2025
"ELECTROMAGNET GEO";NO0010358484;EMGS;"Oslo Børs";NOK;1.93;1.99;1.88;1.99;"04/07/2025 16:25";CET;133108;255242.055;1.99;04/07/2025
ELEKTROIMPORTØREN;NO0010911902;ELIMP;"Euronext Growth Oslo";NOK;15.75;15.75;15.40;15.45;"04/07/2025 16:25";CET;11139;172915.75;15.45;04/07/2025
ELKEM;NO0010816093;ELK;"Oslo Børs";NOK;24.44;24.44;23.90;23.90;"04/07/2025 16:29";CET;522771;12578499.12;23.90;04/07/2025
"ELLIPTIC LABORATOR";NO0010722283;ELABS;"Oslo Børs";NOK;13.20;13.32;13.08;13.12;"04/07/2025 16:25";CET;136464;1800260.38;13.12;04/07/2025
"ELMERA GROUP";NO0010815673;ELMRA;"Oslo Børs";NOK;35.60;35.70;35.15;35.70;"04/07/2025 16:25";CET;186198;6617584.75;35.70;04/07/2025
ELOPAK;NO0011002586;ELO;"Oslo Børs";NOK;48.00;48.20;47.10;47.95;"04/07/2025 16:25";CET;437389;20846922.65;47.95;04/07/2025
ENDÚR;NO0012555459;ENDUR;"Oslo Børs";NOK;89.00;89.00;87.40;87.90;"04/07/2025 16:39";CET;98108;8632801.40;87.90;04/07/2025
ENERGEIA;NO0012697715;ENERG;"Euronext Growth Oslo";NOK;0.102;0.102;0.092;0.10;"04/07/2025 16:19";CET;3605557;346474.694;0.10;04/07/2025
"ENSURGE MICROPOWER";NO0013186460;ENSU;"Oslo Børs";NOK;1.22;1.224;1.202;1.21;"04/07/2025 16:25";CET;683718;827656.99;1.21;04/07/2025
ENTRA;NO0010716418;ENTRA;"Oslo Børs";NOK;129.20;130.20;128.80;129.80;"04/07/2025 16:25";CET;59826;7764214.40;129.80;04/07/2025
"ENVIPCO HOLDING";NL0015000GX8;ENVIP;"Oslo Børs";NOK;86.20;89.80;85.00;89.80;"04/07/2025 16:25";CET;129245;11328953.20;89.80;04/07/2025
EQUINOR;NO0010096985;EQNR;"Oslo Børs";NOK;259.00;261.90;258.30;261.60;"04/07/2025 16:26";CET;1809263;472502038.45;261.60;04/07/2025
EQVA;NO0010708605;EQVA;"Oslo Børs";NOK;5.02;5.02;4.83;4.93;"04/07/2025 16:17";CET;9020;44687.40;4.93;04/07/2025
EUROPRIS;NO0010735343;EPR;"Oslo Børs";NOK;87.60;88.80;87.30;88.80;"04/07/2025 16:25";CET;113721;10037112.80;88.80;04/07/2025
"EXACT THERAPEUTICS";NO0010852213;EXTX;"Euronext Growth Oslo";NOK;3.00;3.00;2.62;2.82;"04/07/2025 16:04";CET;110552;311596.64;2.82;04/07/2025
"FJORD DEFENCE GR";NO0010778095;DFENS;"Euronext Expand Oslo";NOK;1.56;1.565;1.445;1.50;"04/07/2025 16:19";CET;2781856;4142037.825;1.50;04/07/2025
"FLEKKEFJORD SPAREB";NO0013209858;FFSB;"Euronext Growth Oslo";NOK;123.80;138.00;123.80;126.06;"04/07/2025 16:09";CET;2539;321204.12;126.06;04/07/2025
"FLEX LNG";BMG359472021;FLNG;"Oslo Børs";NOK;226.50;230.00;226.50;228.00;"04/07/2025 16:25";CET;5180;1182628.00;228.00;04/07/2025
FRONTLINE;CY0200352116;FRO;"Oslo Børs";NOK;174.90;180.80;174.50;180.70;"04/07/2025 16:25";CET;969517;173339301.75;180.70;04/07/2025
"GENTIAN DIAGNOSTIC";NO0010748866;GENT;"Oslo Børs";NOK;64.00;64.00;63.00;63.20;"04/07/2025 16:19";CET;3559;226704.60;63.20;04/07/2025
"GENTOO MEDIA";US36467X2062;G2MNO;"Oslo Børs";NOK;13.66;14.04;13.66;13.86;"04/07/2025 16:25";CET;8346;115620.14;13.86;04/07/2025
"GIGANTE SALMON";NO0011013765;GIGA;"Euronext Growth Oslo";NOK;8.58;8.60;8.58;8.60;"04/07/2025 15:43";CET;1365;11712.70;8.60;04/07/2025
"GJENSIDIGE FORSIKR";NO0010582521;GJF;"Oslo Børs";NOK;255.20;258.80;255.20;258.80;"04/07/2025 16:25";CET;119634;30902474.80;258.80;04/07/2025
"GOLDEN ENERGY OFF";NO0013228585;GEOS;"Euronext Growth Oslo";NOK;19.30;19.30;19.30;19.30;"04/07/2025 11:12";CET;420;8106.00;19.30;04/07/2025
"GOLDEN OCEAN GROUP";BMG396372051;GOGL;"Oslo Børs";NOK;79.90;80.50;78.75;80.35;"04/07/2025 16:25";CET;85185;6801491.80;80.35;04/07/2025
GOODTECH;NO0004913609;GOD;"Oslo Børs";NOK;9.30;9.30;9.20;9.20;"04/07/2025 16:25";CET;964;8873.80;9.20;04/07/2025
"GREEN MINERALS";NO0010907744;GEM;"Euronext Growth Oslo";NOK;4.10;4.33;4.02;4.13;"04/07/2025 16:25";CET;167639;690966.74;4.13;04/07/2025
"GRIEG SEAFOOD";NO0010365521;GSF;"Oslo Børs";NOK;75.60;75.70;74.90;74.95;"04/07/2025 16:25";CET;101957;7665274.80;74.95;04/07/2025
"GRONG SPAREBANK";NO0010636491;GRONG;"Euronext Growth Oslo";NOK;148.98;149.00;148.98;149.00;"04/07/2025 15:26";CET;313;46636.10;149.00;04/07/2025
GYLDENDAL;NO0004288200;GYL;"Oslo Børs";NOK;406.00;408.00;406.00;408.00;"04/07/2025 14:59";CET;250;101988.00;408.00;04/07/2025
"HAFNIA LIMITED";SGXZ53070850;HAFNI;"Oslo Børs";NOK;51.10;51.52;50.70;50.90;"04/07/2025 16:25";CET;538948;27489591.56;50.90;04/07/2025
"HAUGESUND SPB";NO0010764053;HGSB;"Oslo Børs";NOK;179.98;179.98;179.98;179.98;"04/07/2025 09:56";CET;40;7199.20;179.98;04/07/2025
"HAV GROUP";NO0010931918;HAV;"Euronext Growth Oslo";NOK;7.30;7.30;7.08;7.16;"04/07/2025 14:03";CET;15142;108436.38;7.16;04/07/2025
"HAVILA KYSTRUTEN";NO0011045429;HKY;"Euronext Growth Oslo";NOK;1.37;1.37;1.36;1.36;"04/07/2025 16:18";CET;116368;159122.715;1.36;04/07/2025
"HAVILA SHIPPING";NO0010257728;HAVI;"Oslo Børs";NOK;1.40;1.40;1.35;1.395;"04/07/2025 15:24";CET;58299;80382.895;1.395;04/07/2025
"HERMANA HOLDING";NO0013401380;HERMA;"Oslo Børs";NOK;13.55;13.80;13.50;13.50;"04/07/2025 16:25";CET;14467;197149.60;13.50;04/07/2025
"HEXAGON COMPOSITES";NO0003067902;HEX;"Oslo Børs";NOK;18.92;18.98;18.42;18.50;"04/07/2025 16:28";CET;1893755;35272279.14;18.50;04/07/2025
"HEXAGON PURUS";NO0010904923;HPUR;"Oslo Børs";NOK;2.265;2.265;2.18;2.18;"04/07/2025 16:25";CET;111576;244504.02;2.18;04/07/2025
"HIMALAYA SHIPPING";BMG4660A1036;HSHP;"Oslo Børs";NOK;61.10;62.70;61.10;61.60;"04/07/2025 16:25";CET;51548;3186143.40;61.60;04/07/2025
"HOFSETH BIOCARE";NO0010598683;HBC;"Oslo Børs";NOK;1.885;1.885;1.71;1.845;"04/07/2025 16:25";CET;34650;60805.60;1.845;04/07/2025
"HORISONT ENERGI";NO0010917339;HRGI;"Euronext Growth Oslo";NOK;1.30;1.30;1.195;1.245;"04/07/2025 13:07";CET;1440;1732.53;1.245;04/07/2025
"HUDDLESTOCK FINTEC";NO0010859648;HUDL;"Euronext Growth Oslo";NOK;0.75;0.75;0.72;0.744;"04/07/2025 16:25";CET;507935;369369.65;0.744;04/07/2025
HUDDLY;NO0013470534;HDLY;"Euronext Growth Oslo";NOK;12.55;12.55;12.50;12.50;"04/07/2025 11:54";CET;3561;44535.25;12.50;04/07/2025
"HUNTER GROUP";NO0012953720;HUNT;"Euronext Expand Oslo";NOK;0.90;0.91;0.89;0.902;"04/07/2025 16:09";CET;313995;283075.792;0.902;04/07/2025
HYDROGENPRO;NO0010892359;HYPRO;"Oslo Børs";NOK;3.88;3.915;3.61;3.70;"04/07/2025 16:25";CET;171624;630024.58;3.70;04/07/2025
HYNION;NO0010920945;HYN;"Euronext Growth Oslo";NOK;0.304;0.304;0.24;0.269;"04/07/2025 16:26";CET;1242142;345042.862;0.269;04/07/2025
"HÖEGH AUTOLINERS";NO0011082075;HAUTO;"Oslo Børs";NOK;90.30;90.70;88.70;89.55;"04/07/2025 16:28";CET;409733;36772889.65;89.55;04/07/2025
"HØLAND OG SETSKOG";NO0010012636;HSPG;"Oslo Børs";NOK;162.00;169.98;162.00;168.98;"03/07/2025 16:18";CET;31;5241.40;168.98;04/07/2025
"ICELANDIC SALMON";NO0010724701;ISLAX;"Euronext Growth Oslo";NOK;92.40;99.80;92.40;99.80;"03/07/2025 10:46";CET;150;14600.00;99.80;04/07/2025
"IDEX BIOMETRICS";NO0013536078;IDEX;"Oslo Børs";NOK;3.48;3.48;3.00;3.35;"04/07/2025 16:25";CET;148487;475467.523;3.35;04/07/2025
INDUCT;NO0010536048;INDCT;"Euronext Growth Oslo";NOK;3.88;4.06;3.76;3.84;"04/07/2025 16:25";CET;46331;177189.20;3.84;04/07/2025
"INIFY LABORATORIES";SE0017486103;INIFY;"Euronext Growth Oslo";NOK;6.00;6.00;5.45;5.70;"04/07/2025 16:14";CET;19530;107764.40;5.70;04/07/2025
"ININ GROUP";NO0010864036;ININ;"Euronext Growth Oslo";NOK;2.28;2.28;2.28;2.28;"04/07/2025 11:44";CET;7433;16947.24;2.28;04/07/2025
INSTABANK;NO0010762792;INSTA;"Euronext Growth Oslo";NOK;2.65;2.65;2.60;2.65;"04/07/2025 16:25";CET;252331;661971.86;2.65;04/07/2025
"INTEGRATED WIND SO";NO0013461350;IWS;"Oslo Børs";NOK;42.995;43.00;42.995;43.00;"04/07/2025 16:25";CET;260;11179.95;43.00;04/07/2025
"INTEROIL EXPL PROD";NO0013119255;IOX;"Oslo Børs";NOK;1.60;1.616;1.548;1.548;"04/07/2025 14:46";CET;17397;27464.256;1.548;04/07/2025
ITERA;NO0010001118;ITERA;"Oslo Børs";NOK;9.30;9.30;9.30;9.30;"04/07/2025 14:30";CET;266;2473.80;9.30;04/07/2025
"JINHUI SHIPP TRANS";BMG5137R1088;JIN;"Oslo Børs";NOK;5.62;5.62;5.50;5.50;"04/07/2025 16:14";CET;91303;506067.02;5.50;04/07/2025
"JÆREN SPAREBANK";NO0010359433;JAREN;"Oslo Børs";NOK;348.45;348.50;345.00;348.50;"04/07/2025 16:02";CET;830;288274.85;348.50;04/07/2025
KALDVIK;NO0010884794;KLDVK;"Euronext Growth Oslo";NOK;13.70;14.10;13.70;14.10;"04/07/2025 16:00";CET;6601;92233.70;14.10;04/07/2025
KID;NO0010743545;KID;"Oslo Børs";NOK;155.80;158.00;155.00;157.00;"04/07/2025 16:25";CET;23563;3699718.60;157.00;04/07/2025
KITRON;NO0003079709;KIT;"Oslo Børs";NOK;61.00;61.95;60.75;61.70;"04/07/2025 16:25";CET;470424;28978373.00;61.70;04/07/2025
"KLAVENESS COMBINAT";NO0010833262;KCC;"Oslo Børs";NOK;63.70;63.70;62.40;62.60;"04/07/2025 16:25";CET;23403;1468894.90;62.60;04/07/2025
"KMC PROPERTIES";NO0010360175;KMCP;"Oslo Børs";NOK;0.164;0.1735;0.159;0.162;"04/07/2025 16:28";CET;6885146;1110399.552;0.162;04/07/2025
KOMPLETT;NO0011016040;KOMPL;"Oslo Børs";NOK;12.80;12.95;12.70;12.95;"04/07/2025 16:19";CET;26154;334612.50;12.95;04/07/2025
"KONGSBERG AUTOMOT";NO0003033102;KOA;"Oslo Børs";NOK;1.59;1.608;1.58;1.58;"04/07/2025 16:25";CET;2156017;3423596.16;1.58;04/07/2025
"KONGSBERG GRUPPEN";NO0013536151;KOG;"Oslo Børs";NOK;363.00;369.35;362.00;367.40;"04/07/2025 16:26";CET;629085;230642545.225;367.40;04/07/2025
"KRAFT BANK";NO0010815103;KRAB;"Euronext Growth Oslo";NOK;9.85;10.60;9.85;10.00;"03/07/2025 15:24";CET;78284;784478.50;10.00;04/07/2025
"LERØY SEAFOOD GP";NO0003096208;LSG;"Oslo Børs";NOK;48.54;49.00;48.36;48.52;"04/07/2025 16:25";CET;450330;21911721.74;48.52;04/07/2025
LIFECARE;NO0013355859;LIFE;"Oslo Børs";NOK;5.68;5.68;5.46;5.58;"04/07/2025 15:13";CET;19639;109358.64;5.58;04/07/2025
"LINK MOBILITY GRP";NO0010894231;LINK;"Oslo Børs";NOK;27.65;28.05;27.20;28.00;"04/07/2025 16:25";CET;541621;15128714.25;28.00;04/07/2025
"LOKOTECH GROUP";NO0010921299;LOKO;"Euronext Growth Oslo";NOK;0.58;0.652;0.58;0.642;"04/07/2025 16:28";CET;6688122;4157475.054;0.642;04/07/2025
"LOKOTECH GROUP TR";NO0013554253;LOKOS;"Euronext Growth Oslo";NOK;0.211;0.28;0.211;0.28;"04/07/2025 16:11";CET;189933;49269.819;0.28;04/07/2025
"LUMI GRUPPEN";NO0010927288;LUMI;"Euronext Growth Oslo";NOK;14.70;14.90;14.70;14.90;"03/07/2025 17:27";CET;15019;222864.30;14.90;04/07/2025
"LYTIX BIOPHARMA";NO0010405780;LYTIX;"Euronext Growth Oslo";NOK;9.38;9.38;8.78;8.90;"04/07/2025 16:26";CET;31161;277872.06;8.90;04/07/2025
"M VEST WATER";NO0010976343;MVW;"Euronext Growth Oslo";NOK;9.80;9.80;9.80;9.80;"04/07/2025 16:25";CET;10;98.00;9.80;04/07/2025
MAGNORA;NO0010187032;MGN;"Oslo Børs";NOK;24.10;24.65;24.10;24.45;"04/07/2025 16:25";CET;61273;1499807.55;24.45;04/07/2025
MATVAREEXPRESSEN;NO0013008664;MVE;"Euronext Growth Oslo";NOK;111.00;111.00;111.00;111.00;"04/07/2025 09:20";CET;3;333.00;111.00;04/07/2025
MEDISTIM;NO0010159684;MEDI;"Oslo Børs";NOK;230.00;230.00;218.00;218.00;"04/07/2025 16:25";CET;1698;374819.00;218.00;04/07/2025
"MELHUS SPAREBANK";NO0006001908;MELG;"Oslo Børs";NOK;176.00;179.78;176.00;179.78;"03/07/2025 12:13";CET;55;9808.80;179.78;04/07/2025
MORELD;NO0013325506;MORLD;"Oslo Børs";NOK;16.36;16.36;16.20;16.22;"04/07/2025 16:25";CET;313798;5102957.65;16.22;04/07/2025
"MORROW BANK";NO0010694029;MOBA;"Oslo Børs";NOK;11.80;11.85;11.70;11.75;"04/07/2025 16:25";CET;54930;647313.95;11.75;04/07/2025
MOWI;NO0003054108;MOWI;"Oslo Børs";NOK;194.70;195.80;193.70;193.90;"04/07/2025 16:25";CET;383971;74593498.00;193.90;04/07/2025
"MPC CONTAINER SHIP";NO0010791353;MPCC;"Oslo Børs";NOK;16.08;16.25;15.96;16.07;"04/07/2025 16:25";CET;2437689;39263951.23;16.07;04/07/2025
"MPC ENERGY SOLUTIO";NL0015268814;MPCES;"Euronext Growth Oslo";NOK;10.00;10.10;9.92;10.10;"04/07/2025 16:06";CET;17131;171041.67;10.10;04/07/2025
MULTICONSULT;NO0010734338;MULTI;"Oslo Børs";NOK;208.00;214.00;208.00;212.00;"04/07/2025 16:25";CET;18513;3915672.00;212.00;04/07/2025
MÅSØVAL;NO0010974983;MAS;"Euronext Growth Oslo";NOK;23.40;23.40;21.70;22.10;"04/07/2025 16:25";CET;10056;229675.70;22.10;04/07/2025
NAPATECH;DK0060520450;NAPA;"Oslo Børs";NOK;26.00;27.00;26.00;26.45;"04/07/2025 16:25";CET;184727;4913099.90;26.45;04/07/2025
NAVAMEDIC;NO0010205966;NAVA;"Oslo Børs";NOK;22.70;22.70;22.40;22.40;"04/07/2025 14:51";CET;2694;61005.60;22.40;04/07/2025
NEKKAR;NO0003049405;NKR;"Oslo Børs";NOK;10.20;10.40;10.00;10.35;"04/07/2025 15:52";CET;123534;1258871.70;10.35;04/07/2025
NEL;NO0010081235;NEL;"Oslo Børs";NOK;2.69;2.842;2.638;2.75;"04/07/2025 16:25";CET;4276818;11766277.17;2.75;04/07/2025
"NEXT BIOMETRICS GP";NO0010629108;NEXT;"Oslo Børs";NOK;4.87;4.87;4.60;4.78;"04/07/2025 16:25";CET;65972;305748.12;4.78;04/07/2025
"NIDAROS SPAREBANK";NO0010733082;NISB;"Euronext Growth Oslo";NOK;108.00;108.00;107.98;107.98;"03/07/2025 11:07";CET;128;13822.04;107.98;04/07/2025
"NORAM DRILLING";NO0010360019;NORAM;"Euronext Growth Oslo";NOK;22.50;23.00;22.30;23.00;"04/07/2025 16:25";CET;61747;1400109.90;23.00;04/07/2025
NORBIT;NO0010856511;NORBT;"Oslo Børs";NOK;204.00;208.00;200.00;207.00;"04/07/2025 16:29";CET;113824;23267295.50;207.00;04/07/2025
NORCOD;NO0010892912;NCOD;"Euronext Growth Oslo";NOK;15.35;15.35;14.50;15.20;"04/07/2025 14:30";CET;169;2461.45;15.20;04/07/2025
NORCONSULT;NO0013052209;NORCO;"Oslo Børs";NOK;43.70;43.80;43.35;43.40;"04/07/2025 16:29";CET;140239;6104405.15;43.40;04/07/2025
"NORDHEALTH A-AKSJE";NO0011002651;NORDH;"Euronext Growth Oslo";NOK;40.00;40.40;40.00;40.40;"04/07/2025 09:42";CET;160;6422.40;40.40;04/07/2025
"NORDIC AQUA PART";NO0012928805;NOAP;"Euronext Growth Oslo";NOK;79.00;80.00;78.60;78.60;"04/07/2025 15:47";CET;739;58715.40;78.60;04/07/2025
"NORDIC FINANCIALS";NO0012958539;NOFIN;"Euronext Expand Oslo";NOK;0.0195;0.0233;0.0193;0.02;"04/07/2025 16:25";CET;278154257;5821613.142;0.02;04/07/2025
"NORDIC HALIBUT";NO0003058109;NOHAL;"Euronext Growth Oslo";NOK;20.00;20.00;20.00;20.00;"04/07/2025 15:00";CET;2007;40140.00;20.00;04/07/2025
"NORDIC MINING";NO0013162693;NOM;"Oslo Børs";NOK;23.35;23.55;23.15;23.55;"04/07/2025 16:25";CET;124354;2908883.90;23.55;04/07/2025
"NORDIC SEMICONDUC";NO0003055501;NOD;"Oslo Børs";NOK;134.00;139.20;134.00;139.20;"04/07/2025 16:29";CET;488911;67389837.80;139.20;04/07/2025
"NORDIC TECHNOLOGY";NO0011018434;NTG;"Euronext Growth Oslo";NOK;0.50;0.78;0.50;0.78;"04/07/2025 15:44";CET;550;353.00;0.78;04/07/2025
"NORSE ATLANTIC";NO0012885252;NORSE;"Euronext Expand Oslo";NOK;9.00;9.00;8.88;8.97;"04/07/2025 16:25";CET;387978;3477548.32;8.97;04/07/2025
"NORSK HYDRO";NO0005052605;NHY;"Oslo Børs";NOK;59.00;59.06;58.38;58.78;"04/07/2025 16:25";CET;2561134;150551406.90;58.78;04/07/2025
"NORSK TITANIUM";NO0010969108;NTI;"Euronext Growth Oslo";NOK;1.788;1.838;1.72;1.82;"04/07/2025 16:25";CET;2601425;4641289.892;1.82;04/07/2025
"NORSKE SKOG";NO0010861115;NSKOG;"Oslo Børs";NOK;22.40;22.70;21.65;22.05;"04/07/2025 16:25";CET;110977;2439311.00;22.05;04/07/2025
"NORTH ENERGY";NO0010550056;NORTH;"Euronext Expand Oslo";NOK;2.94;2.94;2.79;2.85;"04/07/2025 16:25";CET;6781;19223.57;2.85;04/07/2025
"NORTHERN OCEAN LTD";BMG6682J1036;NOL;"Oslo Børs";NOK;5.87;5.90;5.80;5.82;"04/07/2025 16:25";CET;14372;84112.97;5.82;04/07/2025
"NORWEGIAN AIR SHUT";NO0010196140;NAS;"Oslo Børs";NOK;14.985;15.09;14.58;14.605;"04/07/2025 16:31";CET;13495595;200238527.875;14.605;04/07/2025
"NORWEGIAN BLOCK EX";NO0010984966;NBX;"Euronext Growth Oslo";NOK;0.84;0.84;0.682;0.726;"04/07/2025 16:25";CET;2790365;2008786.134;0.726;04/07/2025
"NRC GROUP";NO0003679102;NRC;"Oslo Børs";NOK;6.55;6.95;6.50;6.76;"04/07/2025 16:25";CET;1283210;8688194.04;6.76;04/07/2025
"NYKODE THERAPEUTIC";NO0010714785;NYKD;"Oslo Børs";NOK;1.85;1.85;1.784;1.849;"04/07/2025 16:25";CET;539012;976291.652;1.849;04/07/2025
"OBSERVE MEDICAL";NO0013457952;OBSRV;"Euronext Expand Oslo";NOK;1.10;1.10;0.95;1.00;"04/07/2025 16:06";CET;153248;152993.00;1.00;04/07/2025
"OCEAN GEOLOOP";NO0010914641;OCEAN;"Euronext Growth Oslo";NOK;6.10;6.55;6.10;6.55;"04/07/2025 15:15";CET;1370;8568.50;6.55;04/07/2025
"OCEAN SUN";NO0010887565;OSUN;"Euronext Growth Oslo";NOK;1.40;1.40;1.16;1.20;"04/07/2025 16:07";CET;33015;40268.465;1.20;04/07/2025
"ODFJELL DRILLING";BMG671801022;ODL;"Oslo Børs";NOK;68.80;69.70;68.80;69.50;"04/07/2025 16:25";CET;136933;9502145.00;69.50;04/07/2025
"ODFJELL SER. A";NO0003399909;ODF;"Oslo Børs";NOK;115.00;115.20;112.20;112.20;"04/07/2025 16:25";CET;20318;2302098.00;112.20;04/07/2025
"ODFJELL SER. B";NO0003399917;ODFB;"Oslo Børs";NOK;115.00;115.00;111.00;111.00;"04/07/2025 16:25";CET;16211;1819094.80;111.00;04/07/2025
"ODFJELL TECHNOLOGY";BMG6716L1081;OTL;"Oslo Børs";NOK;49.00;50.20;49.00;50.20;"04/07/2025 16:25";CET;32005;1593038.15;50.20;04/07/2025
OKEA;NO0010816895;OKEA;"Oslo Børs";NOK;17.60;17.62;17.32;17.36;"04/07/2025 16:25";CET;55408;964749.44;17.36;04/07/2025
"OKEANIS ECO TANKER";MHY641771016;OET;"Oslo Børs";NOK;237.00;248.00;235.50;245.00;"04/07/2025 16:25";CET;113062;27631280.50;245.00;04/07/2025
"OLAV THON EIENDOMS";NO0005638858;OLT;"Oslo Børs";NOK;301.00;304.00;299.00;300.00;"04/07/2025 16:25";CET;17088;5146664.00;300.00;04/07/2025
OMDA;NO0010894512;OMDA;"Euronext Growth Oslo";NOK;52.00;53.00;51.00;52.00;"04/07/2025 16:25";CET;17809;931949.80;52.00;04/07/2025
ONCOINVENT;NO0010779341;ONCIN;"Euronext Growth Oslo";NOK;1.888;1.888;1.68;1.70;"04/07/2025 14:36";CET;89442;153948.01;1.70;04/07/2025
ORKLA;NO0003733800;ORK;"Oslo Børs";NOK;107.60;107.90;107.10;107.60;"04/07/2025 16:26";CET;564981;60773336.60;107.60;04/07/2025
"OTELLO CORPORATION";NO0010040611;OTEC;"Oslo Børs";NOK;12.30;12.45;12.10;12.40;"04/07/2025 16:25";CET;2445188;29677334.70;12.40;04/07/2025
OTOVO;NO0010809783;OTOVO;"Oslo Børs";NOK;1.77;1.778;1.75;1.778;"04/07/2025 15:52";CET;56353;99483.266;1.778;04/07/2025
"PANORO ENERGY";NO0010564701;PEN;"Oslo Børs";NOK;22.50;22.65;22.35;22.65;"04/07/2025 16:25";CET;426699;9613125.50;22.65;04/07/2025
"PARATUS ENERGY SER";BMG6904D1083;PLSV;"Oslo Børs";NOK;35.98;35.98;34.96;35.86;"04/07/2025 16:25";CET;98959;3516723.06;35.86;04/07/2025
"PARETO BANK";NO0010397581;PARB;"Oslo Børs";NOK;82.80;83.00;82.20;83.00;"04/07/2025 16:25";CET;20943;1731606.70;83.00;04/07/2025
"PCI BIOTECH HOLD";NO0010405640;PCIB;"Oslo Børs";NOK;1.65;1.65;1.65;1.65;"04/07/2025 12:04";CET;700;1155.00;1.65;04/07/2025
PETROLIA;CY0102630916;PSE;"Oslo Børs";NOK;3.76;3.79;3.76;3.79;"04/07/2025 16:06";CET;4466;16852.16;3.79;04/07/2025
"PETRONOR E&P";NO0012942525;PNOR;"Oslo Børs";NOK;11.08;11.16;10.98;11.10;"04/07/2025 16:25";CET;76717;847415.56;11.10;04/07/2025
"PEXIP HOLDING";NO0010840507;PEXIP;"Oslo Børs";NOK;58.60;59.70;58.40;59.70;"04/07/2025 16:28";CET;117979;6994048.70;59.70;04/07/2025
"PHILLY SHIPYARD";NO0010395577;PHLY;"Euronext Expand Oslo";NOK;4.30;4.30;4.20;4.22;"04/07/2025 15:51";CET;8101;34188.67;4.22;04/07/2025
PHOTOCURE;NO0010000045;PHO;"Oslo Børs";NOK;57.90;59.00;57.10;57.50;"04/07/2025 16:25";CET;80523;4675924.40;57.50;04/07/2025
"PIONEER PROPERTY";NO0010735681;PPG;"Euronext Expand Oslo";NOK;97.40;97.40;96.80;97.00;"04/07/2025 15:37";CET;11247;1090842.40;97.00;04/07/2025
"POLARIS MEDIA";NO0010466022;POL;"Oslo Børs";NOK;61.50;62.00;61.50;62.00;"04/07/2025 16:16";CET;2499;153781.00;62.00;04/07/2025
POLIGHT;NO0012535832;PLT;"Oslo Børs";NOK;3.90;3.90;3.685;3.765;"04/07/2025 16:19";CET;348398;1305018.14;3.765;04/07/2025
PROSAFE;NO0010861990;PRS;"Oslo Børs";NOK;8.69;8.69;8.00;8.00;"04/07/2025 16:06";CET;24520;196840.03;8.00;04/07/2025
"PROTECTOR FORSIKRG";NO0010209331;PROT;"Oslo Børs";NOK;437.50;451.50;434.00;451.50;"04/07/2025 16:29";CET;80327;35859621.00;451.50;04/07/2025
"PROXIMAR SEAFOOD";NO0010893902;PROXI;"Euronext Growth Oslo";NOK;2.44;2.82;2.44;2.76;"04/07/2025 16:11";CET;250795;661814.17;2.76;04/07/2025
PRYME;NL0015002E73;PRYME;"Euronext Growth Oslo";NOK;20.00;22.90;20.00;21.90;"04/07/2025 14:52";CET;1023;20890.40;21.90;04/07/2025
"PUBLIC PROPERTY IN";NO0013178616;PUBLI;"Oslo Børs";NOK;23.75;24.00;23.55;23.55;"04/07/2025 16:25";CET;287431;6807343.40;23.55;04/07/2025
"PYRUM INNOVATIONS";DE000A2G8ZX8;PYRUM;"Euronext Growth Oslo";NOK;343.00;343.00;343.00;343.00;"03/07/2025 14:08";CET;33;11319.00;343.00;04/07/2025
"QUESTERRE ENERGY";CA74836K1003;QEC;"Oslo Børs";NOK;2.215;2.215;2.125;2.14;"04/07/2025 16:25";CET;1047407;2263736.165;2.14;04/07/2025
"RANA GRUBER";NO0010907389;RANA;"Oslo Børs";NOK;68.30;68.40;67.60;68.00;"04/07/2025 16:28";CET;77699;5277850.20;68.00;04/07/2025
"REACH SUBSEA";NO0003117202;REACH;"Oslo Børs";NOK;7.82;7.84;7.76;7.81;"04/07/2025 16:25";CET;36642;285674.75;7.81;04/07/2025
"REC SILICON";NO0010112675;RECSI;"Oslo Børs";NOK;2.45;2.45;2.312;2.346;"04/07/2025 16:28";CET;1036709;2457524.542;2.346;04/07/2025
REFUELS;NL0015001BF4;REFL;"Euronext Growth Oslo";NOK;18.40;18.40;18.00;18.00;"03/07/2025 12:59";CET;3111;56410.20;18.00;04/07/2025
"RIVER TECH";MT0001710103;RIVER;"Euronext Growth Oslo";NOK;16.10;16.40;15.10;16.40;"04/07/2025 16:16";CET;20384;313231.60;16.40;04/07/2025
"ROGALAND SPAREBANK";NO0006001007;ROGS;"Oslo Børs";NOK;143.50;145.00;143.50;144.98;"04/07/2025 14:44";CET;2513;363686.82;144.98;04/07/2025
"ROMERIKE SPAREBK";NO0010808405;ROMER;"Euronext Growth Oslo";NOK;149.98;150.00;146.02;146.02;"04/07/2025 11:44";CET;470;69207.62;146.02;04/07/2025
ROMREAL;BMG763301022;ROM;"Euronext Expand Oslo";NOK;2.52;2.52;2.52;2.52;"04/07/2025 16:25";CET;745;1877.40;2.52;04/07/2025
"S.D. STANDARD ETC";CY0101550917;SDSD;"Oslo Børs";NOK;1.815;1.83;1.815;1.83;"04/07/2025 16:26";CET;17991;32877.91;1.83;04/07/2025
"SAGA PURE";NO0010572589;SAGA;"Oslo Børs";NOK;1.335;1.345;1.33;1.34;"04/07/2025 16:25";CET;283995;379572.025;1.34;04/07/2025
SALMAR;NO0010310956;SALM;"Oslo Børs";NOK;443.80;445.00;438.40;439.00;"04/07/2025 16:26";CET;168116;73939365.20;439.00;04/07/2025
"SALMON EVOLUTION";NO0010892094;SALME;"Oslo Børs";NOK;6.13;6.19;6.12;6.17;"04/07/2025 16:25";CET;248069;1525229.29;6.17;04/07/2025
SATS;NO0010863285;SATS;"Oslo Børs";NOK;36.25;36.85;36.00;36.85;"04/07/2025 16:25";CET;186226;6833980.40;36.85;04/07/2025
SCANA;NO0003053308;SCANA;"Oslo Børs";NOK;1.54;1.56;1.522;1.532;"04/07/2025 16:25";CET;175596;270795.114;1.532;04/07/2025
SCATEC;NO0010715139;SCATC;"Oslo Børs";NOK;97.40;98.25;96.45;98.25;"04/07/2025 16:27";CET;236230;23050864.70;98.25;04/07/2025
"Sea1 Offshore";KYG812291253;SEA1;"Oslo Børs";NOK;25.80;25.80;25.20;25.25;"04/07/2025 16:25";CET;70077;1780420.50;25.25;04/07/2025
"SEACREST PETROLEO";BMG7947V2045;SEAPT;"Euronext Expand Oslo";NOK;0.1335;0.1445;0.1335;0.1435;"04/07/2025 16:27";CET;2277042;321895.4315;0.1435;04/07/2025
"SED ENERGY HOLDING";CY0101162119;ENH;"Oslo Børs";NOK;8.70;8.90;8.42;8.74;"04/07/2025 16:28";CET;1336967;11635202.76;8.74;04/07/2025
"SELVAAG BOLIG";NO0010612450;SBO;"Oslo Børs";NOK;36.20;37.60;36.05;37.35;"04/07/2025 16:25";CET;91202;3384452.45;37.35;04/07/2025
SENTIA;NO0013573014;SNTIA;"Oslo Børs";NOK;67.00;67.00;65.30;66.26;"04/07/2025 16:25";CET;103511;6842093.33;66.26;04/07/2025
"SHELF DRILLING";KYG236271055;SHLF;"Oslo Børs";NOK;8.71;8.90;8.59;8.88;"04/07/2025 16:25";CET;771236;6766763.71;8.88;04/07/2025
"SHELF DRILLING NO";BMG236541170;SDNS;"Euronext Growth Oslo";NOK;28.80;29.30;28.70;29.00;"10/10/2024 16:10";CET;2422;70084.30;21.00;04/07/2025
"SKANDIA GREENPOWER";NO0010931207;SKAND;"Euronext Growth Oslo";NOK;1.60;1.63;1.50;1.63;"04/07/2025 14:41";CET;21951;35137.13;1.63;04/07/2025
"SKUE SPAREBANK";NO0006001809;SKUE;"Oslo Børs";NOK;332.70;341.45;331.00;341.45;"04/07/2025 15:34";CET;1405;469035.80;341.45;04/07/2025
SMARTCRAFT;NO0011008971;SMCRT;"Oslo Børs";NOK;27.50;28.70;27.50;28.70;"04/07/2025 16:25";CET;16807;473530.50;28.70;04/07/2025
"SMARTOPTICS GROUP";NO0011012502;SMOP;"Euronext Growth Oslo";NOK;14.80;15.35;14.80;15.00;"04/07/2025 16:25";CET;6379;96484.65;15.00;04/07/2025
"SOFTOX SOLUTIONS";NO0010811961;SOFTX;"Euronext Growth Oslo";NOK;0.118;0.121;0.1065;0.1125;"04/07/2025 16:29";CET;23028314;2548602.5655;0.1125;04/07/2025
"SOFTWAREONE HOLD";CH0496451508;SWON;"Oslo Børs";NOK;93.95;100.00;93.00;100.00;"04/07/2025 16:25";CET;210252;20069301.81;100.00;04/07/2025
"SOGN SPAREBANK";NO0006000603;SOGN;"Oslo Børs";NOK;285.00;285.00;279.95;279.95;"04/07/2025 16:25";CET;1172;331105.40;279.95;04/07/2025
SOILTECH;NO0010713571;STECH;"Euronext Expand Oslo";NOK;62.00;64.00;60.00;64.00;"04/07/2025 16:25";CET;21426;1302561.60;64.00;04/07/2025
"SOLSTAD MARITIME";NO0013135368;SOMA;"Oslo Børs";NOK;24.835;25.15;24.205;24.60;"04/07/2025 16:25";CET;123270;3054480.14;24.60;04/07/2025
"SOLSTAD OFFSHORE";NO0003080608;SOFF;"Oslo Børs";NOK;45.15;45.50;44.50;45.00;"04/07/2025 16:25";CET;123837;5587885.25;45.00;04/07/2025
"SPARBNK 68 GR NORD";NO0010887110;SB68;"Euronext Growth Oslo";NOK;178.50;182.48;178.50;182.48;"01/07/2025 14:40";CET;120;21818.00;182.48;04/07/2025
"SPAREBANK 1 SMN";NO0006390301;MING;"Oslo Børs";NOK;193.26;196.04;193.26;195.90;"04/07/2025 16:25";CET;90588;17727029.31;195.90;04/07/2025
"SPAREBANK 1 SØR-N";NO0010631567;SB1NO;"Oslo Børs";NOK;186.40;187.60;185.60;186.60;"04/07/2025 16:25";CET;268140;50145876.40;186.60;04/07/2025
"SPAREBANKEN MØRE";NO0012483207;MORG;"Oslo Børs";NOK;106.88;107.52;105.82;107.24;"04/07/2025 16:25";CET;9419;1006384.34;107.24;04/07/2025
"SPAREBANKEN NORGE";NO0006000900;SBNOR;"Oslo Børs";NOK;160.06;161.82;159.82;161.34;"04/07/2025 16:25";CET;89306;14381041.20;161.34;04/07/2025
"SPAREBANKEN ØST";NO0006222009;SPOG;"Oslo Børs";NOK;77.79;77.79;76.89;77.00;"04/07/2025 16:25";CET;1292;99461.63;77.00;04/07/2025
"SPBK 1 NORDMØRE";NO0010691660;SNOR;"Oslo Børs";NOK;163.00;163.00;161.10;161.10;"04/07/2025 14:32";CET;515;83273.56;161.10;04/07/2025
"SPBK 1 ØSTLANDET";NO0010751910;SPOL;"Oslo Børs";NOK;187.70;188.00;187.20;188.00;"04/07/2025 16:25";CET;22452;4219708.80;188.00;04/07/2025
"SPBK1 HELGELAND";NO0010029804;HELG;"Oslo Børs";NOK;174.00;174.00;170.02;170.02;"04/07/2025 16:25";CET;8693;1509366.08;170.02;04/07/2025
"SPBK1 NORD-NORGE";NO0006000801;NONG;"Oslo Børs";NOK;148.60;150.38;147.90;149.80;"04/07/2025 16:25";CET;64746;9680877.00;149.80;04/07/2025
"SPBK1 RINGERIKE";NO0006390400;RING;"Oslo Børs";NOK;369.00;372.65;369.00;369.00;"04/07/2025 16:25";CET;1546;570752.10;369.00;04/07/2025
"SPBK1 ØSTFOLD AKE";NO0010285562;SOAG;"Oslo Børs";NOK;419.05;428.95;419.05;428.95;"04/07/2025 15:31";CET;397;168084.40;428.95;04/07/2025
"SPIR GROUP";NO0012548819;SPIR;"Oslo Børs";NOK;9.24;9.24;9.12;9.12;"04/07/2025 13:09";CET;5500;50376.00;9.12;04/07/2025
SPOTLIO;NO0010781560;SPOT;"Euronext Growth Oslo";NOK;0.244;0.244;0.192;0.192;"04/07/2025 16:25";CET;272351;58423.024;0.192;04/07/2025
"STAINLESS TANKERS";NO0012780958;STST;"Euronext Growth Oslo";NOK;51.60;52.80;51.20;52.00;"04/07/2025 16:16";CET;51934;2686379.60;52.00;04/07/2025
"STANDARD SUPPLY";NO0013384651;STSU;"Euronext Growth Oslo";NOK;32.00;33.00;32.00;32.20;"04/07/2025 16:16";CET;13126;426127.30;32.20;04/07/2025
STOLT-NIELSEN;BMG850801025;SNI;"Oslo Børs";NOK;284.50;286.50;275.50;276.00;"04/07/2025 16:25";CET;143009;39915858.50;276.00;04/07/2025
STOREBRAND;NO0003053605;STB;"Oslo Børs";NOK;141.80;142.40;141.30;141.70;"04/07/2025 16:25";CET;223501;31680570.10;141.70;04/07/2025
STRONGPOINT;NO0010098247;STRO;"Oslo Børs";NOK;11.45;11.45;11.35;11.35;"04/07/2025 15:04";CET;27250;311868.20;11.35;04/07/2025
"SUBSEA 7";LU0075646355;SUBC;"Oslo Børs";NOK;197.10;197.50;195.30;196.90;"04/07/2025 16:25";CET;173661;34156179.10;196.90;04/07/2025
TECHSTEP;NO0012916131;TECH;"Oslo Børs";NOK;12.20;12.20;11.85;11.85;"04/07/2025 16:25";CET;60153;722584.70;11.85;04/07/2025
"TEKNA HOLDING";NO0010951577;TEKNA;"Oslo Børs";NOK;5.02;5.38;5.02;5.14;"04/07/2025 16:16";CET;119346;617757.66;5.14;04/07/2025
TELENOR;NO0010063308;TEL;"Oslo Børs";NOK;155.60;157.10;155.30;157.00;"04/07/2025 16:25";CET;638404;100093184.80;157.00;04/07/2025
TGS;NO0003078800;TGS;"Oslo Børs";NOK;89.80;90.45;88.65;89.65;"04/07/2025 16:28";CET;247918;22183404.35;89.65;04/07/2025
"THE KINGFISH COMP";NL00150001S5;KING;"Euronext Growth Oslo";NOK;6.00;6.25;6.00;6.25;"04/07/2025 15:55";CET;657;4072.55;6.25;04/07/2025
"THOR MEDICAL";NO0010597883;TRMED;"Oslo Børs";NOK;2.51;2.575;2.51;2.51;"04/07/2025 16:25";CET;885365;2245861.785;2.51;04/07/2025
TIETOEVRY;FI0009000277;TIETO;"Oslo Børs";NOK;194.00;194.20;193.00;194.20;"04/07/2025 16:19";CET;392;75857.90;194.20;04/07/2025
"TINDE SPAREBANK";NO0010759988;TINDE;"Euronext Growth Oslo";NOK;123.18;123.18;122.02;122.02;"04/07/2025 16:25";CET;94;11522.08;122.02;04/07/2025
"TOMRA SYSTEMS";NO0012470089;TOM;"Oslo Børs";NOK;156.50;164.00;156.40;164.00;"04/07/2025 16:27";CET;324074;52385332.80;164.00;04/07/2025
TREASURE;NO0010763550;TRE;"Oslo Børs";NOK;29.10;29.10;29.10;29.10;"04/07/2025 14:01";CET;10463;304473.30;29.10;04/07/2025
"TRØNDELAG SPBK";NO0010788268;TRSB;"Oslo Børs";NOK;113.70;113.70;113.70;113.70;"04/07/2025 12:20";CET;40;4548.00;113.70;04/07/2025
"TYSNES SPAREBANK";NO0010731615;TYSB;"Euronext Growth Oslo";NOK;139.00;139.00;138.00;139.00;"03/07/2025 12:48";CET;3257;450269.04;139.00;04/07/2025
"VANTAGE DRILLING I";BMG9551V1081;VDI;"Euronext Growth Oslo";NOK;250.00;250.00;246.00;250.00;"17/06/2025 14:20";CET;3;746.00;250.00;04/07/2025
VEIDEKKE;NO0005806802;VEI;"Oslo Børs";NOK;163.60;166.80;163.40;166.40;"04/07/2025 16:25";CET;95446;15763812.00;166.40;04/07/2025
"VEND SER. A";NO0003028904;VENDA;"Oslo Børs";NOK;361.80;364.80;360.60;361.00;"04/07/2025 16:25";CET;95496;34569078.60;361.00;04/07/2025
"VEND SER. B";NO0010736879;VENDB;"Oslo Børs";NOK;348.00;348.00;344.80;346.20;"04/07/2025 16:25";CET;28330;9805080.40;346.20;04/07/2025
"VENTURA OFFSHORE";BMG730931091;VTURA;"Euronext Growth Oslo";NOK;17.35;18.30;17.35;18.30;"04/07/2025 16:25";CET;51430;910113.70;18.30;04/07/2025
"VISTIN PHARMA";NO0010734122;VISTN;"Oslo Børs";NOK;24.30;24.40;24.30;24.30;"04/07/2025 16:25";CET;11018;267859.10;24.30;04/07/2025
"VOSS VEKSEL OGLAND";NO0003025009;VVL;"Oslo Børs";NOK;382.00;386.00;376.00;382.00;"04/07/2025 16:11";CET;230;87410.00;382.00;04/07/2025
VOW;NO0010708068;VOW;"Oslo Børs";NOK;2.57;2.64;2.54;2.605;"04/07/2025 16:25";CET;1100303;2855414.94;2.605;04/07/2025
"VOW GREEN METALS";NO0011037483;VGM;"Euronext Growth Oslo";NOK;0.93;0.948;0.93;0.948;"27/06/2025 16:29";CET;16924;15792.11;0.948;04/07/2025
"VÅR ENERGI";NO0011202772;VAR;"Oslo Børs";NOK;33.00;33.29;32.78;33.24;"04/07/2025 16:27";CET;2050236;67944315.145;33.24;04/07/2025
"WALLENIUS WILHELMS";NO0010571680;WAWI;"Oslo Børs";NOK;82.30;82.35;80.65;81.50;"04/07/2025 16:25";CET;156199;12727905.55;81.50;04/07/2025
WEBSTEP;NO0010609662;WSTEP;"Oslo Børs";NOK;25.20;25.40;24.60;25.00;"04/07/2025 15:52";CET;15452;385089.20;25.00;04/07/2025
"WESTERN BULK CHART";NO0010768096;WEST;"Euronext Growth Oslo";NOK;12.45;12.45;12.25;12.25;"04/07/2025 16:25";CET;19811;244205.80;12.25;04/07/2025
"WILH. WILHELMSEN A";NO0010571698;WWI;"Oslo Børs";NOK;438.00;438.00;428.50;430.00;"04/07/2025 16:25";CET;7079;3054856.50;430.00;04/07/2025
"WILH. WILHELMSEN B";NO0010576010;WWIB;"Oslo Børs";NOK;420.00;423.50;416.00;423.50;"04/07/2025 16:25";CET;1865;780677.50;423.50;04/07/2025
"XPLORA TECHNOLOGIE";NO0010895782;XPLRA;"Euronext Growth Oslo";NOK;43.40;43.40;41.80;42.70;"04/07/2025 16:25";CET;2176;92968.60;42.70;04/07/2025
XXL;NO0013293142;XXL;"Oslo Børs";NOK;9.80;9.88;9.80;9.87;"30/06/2025 16:29";CET;19846;195650.27;9.87;04/07/2025
"YARA INTERNATIONAL";NO0010208051;YAR;"Oslo Børs";NOK;375.60;377.60;373.80;376.00;"04/07/2025 16:25";CET;247052;92863347.40;376.00;04/07/2025
ZALARIS;NO0010708910;ZAL;"Oslo Børs";NOK;74.60;76.20;74.00;76.20;"04/07/2025 16:25";CET;606408;43776862.20;76.20;04/07/2025
ZAPTEC;NO0010713936;ZAP;"Oslo Børs";NOK;22.90;23.00;22.65;23.00;"04/07/2025 16:25";CET;350780;8038393.00;23.00;04/07/2025
ZELLUNA;NO0013524942;ZLNA;"Oslo Børs";NOK;13.798;14.20;13.606;14.16;"04/07/2025 14:45";CET;12779;178615.534;14.16;04/07/2025
"ZENITH ENERGY";CA98936C8584;ZENA;"Euronext Growth Oslo";NOK;2.31;2.40;2.04;2.38;"04/07/2025 16:29";CET;6085536;13532882.43;2.38;04/07/2025
